{
  "train_loss": [
    0.7346005570408293,
    0.5318462239904991,
    0.4862561478716502,
    0.46075490915097334,
    0.4421029802041031,
    0.42809858600392725,
    0.4158201796748627,
    0.4063538195680103,
    0.3980361521244049,
    0.3912385216609562,
    0.3854913635276505,
    0.3791089409618016,
    0.3735607768192675,
    0.3696861056990533,
    0.3648498666018106,
    0.36145962298057654,
    0.35796342256933594,
    0.35531150306005616,
    0.35134885018753215,
    0.34855545993664816,
    0.3466397748103639,
    0.34349864802513075,
    0.3415449504603707,
    0.3395473706001919,
    0.33796771188482855,
    0.33603087491333766,
    0.3345715955464761,
    0.3326031259521489,
    0.33113564243672583,
    0.32973090386221193,
    0.3283243500296538,
    0.3272578906250226,
    0.3263180129830306,
    0.3250140385322661,
    0.324001408583745,
    0.3228713347801665,
    0.3218719753750128,
    0.32129961291054415,
    0.320333837650681,
    0.3196739812527223,
    0.3190351605980317,
    0.3180292893501255,
    0.3175362922004049,
    0.3169096489723825,
    0.3163614558382622,
    0.31563463966004657,
    0.315184476392529,
    0.3145271684815533,
    0.31421118639232987,
    0.3136507055911973,
    0.3133665082084624,
    0.3129628685554622,
    0.31247631615795796,
    0.3119451021201803,
    0.31177630010656837,
    0.3114128830308598,
    0.31118572008977,
    0.31093693104400455,
    0.31061386151053894,
    0.3103084287019138,
    0.3101369120639647,
    0.30995316160798636,
    0.3095319470946823,
    0.30941936963401134,
    0.3092083544668993,
    0.30893813045386453,
    0.3086895037671966,
    0.3086037565534714,
    0.3084525900994432,
    0.30839054689023165,
    0.30810916091876006,
    0.3080204388047282,
    0.30786281721710596,
    0.307718256885689,
    0.3075913569020434,
    0.30750495379005,
    0.3074609123488173,
    0.3072583192332661,
    0.3072769327963133,
    0.30706935234685645,
    0.30698669426390346,
    0.3069479802349732,
    0.3068228398595376,
    0.3067583127468118,
    0.3066883975225037,
    0.3066051756318712,
    0.3065177843822122,
    0.3065140828560879,
    0.30640873673120383,
    0.3063948979663058,
    0.3063021158861323,
    0.3062787000531269,
    0.3062181896508023,
    0.3061644911624809,
    0.3061529668798379,
    0.306060204609028,
    0.30605236236094296,
    0.30598746003556593,
    0.30597696174377514,
    0.30595250893825604
  ],
  "val_loss": [
    0.5513336062431335,
    0.4933094382286072,
    0.44801631569862366,
    0.4509480893611908,
    0.45136725902557373,
    0.44166505336761475,
    0.42418864369392395,
    0.3869404196739197,
    0.38901224732398987,
    0.38186994194984436,
    0.36829808354377747,
    0.36922168731689453,
    0.36444762349128723,
    0.36945828795433044,
    0.35544705390930176,
    0.3658922612667084,
    0.3518633246421814,
    0.3487836420536041,
    0.3484771251678467,
    0.3470219671726227,
    0.34386467933654785,
    0.34251758456230164,
    0.34397903084754944,
    0.3414269983768463,
    0.33727359771728516,
    0.3369140923023224,
    0.33783313632011414,
    0.3367965817451477,
    0.3342440724372864,
    0.34065866470336914,
    0.3319324851036072,
    0.3315141201019287,
    0.3342825472354889,
    0.3299556076526642,
    0.3297199010848999,
    0.32781970500946045,
    0.3307414650917053,
    0.32739344239234924,
    0.3279218375682831,
    0.32755276560783386,
    0.32628458738327026,
    0.3261558413505554,
    0.32564982771873474,
    0.32447507977485657,
    0.3246998190879822,
    0.3253740668296814,
    0.3242681622505188,
    0.3239907920360565,
    0.32501620054244995,
    0.3233654797077179,
    0.3226590156555176,
    0.323118656873703,
    0.32299885153770447,
    0.3227616250514984,
    0.3223162889480591,
    0.3225114941596985,
    0.3217700719833374,
    0.32204461097717285,
    0.3218509256839752,
    0.32156071066856384,
    0.3220031261444092,
    0.3212277591228485,
    0.32117152214050293,
    0.320961594581604,
    0.32117852568626404,
    0.32065829634666443,
    0.3203684687614441,
    0.32058969140052795,
    0.3204682171344757,
    0.32006725668907166,
    0.31987085938453674,
    0.3201462924480438,
    0.320237398147583,
    0.3201020061969757,
    0.3199208378791809,
    0.3196805417537689,
    0.3197138011455536,
    0.3196257948875427,
    0.31965339183807373,
    0.3200434446334839,
    0.3197374641895294,
    0.3193802833557129,
    0.3197878301143646,
    0.31940141320228577,
    0.3195004463195801,
    0.3194773495197296,
    0.3194296956062317,
    0.3194323778152466,
    0.3191980719566345,
    0.31925860047340393,
    0.3193293809890747,
    0.31928640604019165,
    0.3191835582256317,
    0.3191843032836914,
    0.31905677914619446,
    0.319074422121048,
    0.3190574645996094,
    0.31922647356987,
    0.3191338777542114,
    0.31907787919044495
  ],
  "val_acc": [
    0.8078333333333333,
    0.8261666666666667,
    0.8435,
    0.8388333333333333,
    0.8418333333333333,
    0.841,
    0.8516666666666667,
    0.8633333333333333,
    0.864,
    0.8648333333333333,
    0.869,
    0.8675,
    0.8698333333333333,
    0.8686666666666667,
    0.8741666666666666,
    0.869,
    0.8746666666666667,
    0.8793333333333333,
    0.8755,
    0.8775,
    0.879,
    0.882,
    0.8781666666666667,
    0.8791666666666667,
    0.8808333333333334,
    0.88,
    0.8785,
    0.8803333333333333,
    0.8831666666666667,
    0.8791666666666667,
    0.8825,
    0.8836666666666667,
    0.8816666666666667,
    0.886,
    0.8805,
    0.8868333333333334,
    0.8846666666666667,
    0.8831666666666667,
    0.8811666666666667,
    0.8843333333333333,
    0.8821666666666667,
    0.883,
    0.8853333333333333,
    0.8846666666666667,
    0.8863333333333333,
    0.884,
    0.8841666666666667,
    0.8865,
    0.8846666666666667,
    0.8868333333333334,
    0.886,
    0.8853333333333333,
    0.8856666666666667,
    0.8868333333333334,
    0.8868333333333334,
    0.887,
    0.8856666666666667,
    0.8858333333333334,
    0.887,
    0.8856666666666667,
    0.8871666666666667,
    0.8858333333333334,
    0.888,
    0.8875,
    0.8851666666666667,
    0.8881666666666667,
    0.8873333333333333,
    0.8871666666666667,
    0.888,
    0.8878333333333334,
    0.8885,
    0.8876666666666667,
    0.8878333333333334,
    0.8876666666666667,
    0.8873333333333333,
    0.8876666666666667,
    0.8881666666666667,
    0.8881666666666667,
    0.888,
    0.8856666666666667,
    0.8873333333333333,
    0.8881666666666667,
    0.8878333333333334,
    0.8871666666666667,
    0.8876666666666667,
    0.8871666666666667,
    0.8866666666666667,
    0.8873333333333333,
    0.8885,
    0.8883333333333333,
    0.888,
    0.8876666666666667,
    0.8876666666666667,
    0.8871666666666667,
    0.8885,
    0.8883333333333333,
    0.8876666666666667,
    0.8878333333333334,
    0.8876666666666667,
    0.8873333333333333
  ],