{
  "train_loss": [
    0.7346005570408293,
    0.5329278252701058,
    0.48660548935286807,
    0.4602451998193117,
    0.44051106613111723,
    0.4256431329730563,
    0.41170053879655366,
    0.40068435976149347,
    0.3914316554699464,
    0.3828818041001451,
    0.37664344405393463,
    0.36915638474350293,
    0.3618276940208476,
    0.35689076474068854,
    0.3503093333535285,
    0.34649905647146756,
    0.34174334437926235,
    0.33787521041965035,
    0.3319395450760403,
    0.32769022705430667,
    0.32565595679232295,
    0.31988889385032426,
    0.3168867797153821,
    0.3142487320219171,
    0.31097622515889706,
    0.30747338447949335,
    0.3053076868232393,
    0.3013292615659429,
    0.2988664549885768,
    0.29609556259560926,
    0.2927448816632772,
    0.29139214340968156,
    0.28863220736031286,
    0.28647007997990787,
    0.28382376288350725,
    0.28091399293940217,
    0.27840034405908315,
    0.27773626770170945,
    0.274584696756155,
    0.2732450067820425,
    0.2714507191031465,
    0.26849031688477754,
    0.26761012090043435,
    0.2655102767368063,
    0.26382917229315683,
    0.2613322457642917,
    0.26021760815127765,
    0.25806949503048904,
    0.2571478888251205,
    0.254512653602243,
    0.2534618491033242,
    0.25233654656681404,
    0.25065527761010764,
    0.248822764197797,
    0.24809502831426278,
    0.24700498128954268,
    0.24586321858433186,
    0.24465357026712026,
    0.24356694600734666,
    0.24228373664250305,
    0.24137599391959855,
    0.2407057861228125,
    0.239359782434894,
    0.238097160171841,
    0.23746740902769622,
    0.2364519769546545,
    0.23574506148907812,
    0.23498813642003524,
    0.23426428574945124,
    0.2336228446443499,
    0.23277412563279906,
    0.23206774577922165,
    0.23160002428279103,
    0.23100448964755116,
    0.2303403363126149,
    0.22992130912734435,
    0.2296464538192862,
    0.22881078653002238,
    0.22852178002703247,
    0.22804106288187875,
    0.22772145333095184,
    0.227412199928156,
    0.2270598297153039,
    0.22678878267794425,
    0.22659025122345341,
    0.22629752063073252,
    0.22600788485382406,
    0.22586824252354026,
    0.22560351965198586,
    0.22553010863997924,
    0.22533509179384786,
    0.2252296914139065,
    0.2251049544644582,
    0.22500379752561944,
    0.2249572116934575,
    0.22486537604888468,
    0.2248240135151063,
    0.22477971135651895,
    0.2247797334787405,
    0.2247657580610135
  ],
  "val_loss": [
    0.5513336062431335,
    0.49284350872039795,
    0.4454058110713959,
    0.45312198996543884,
    0.45904359221458435,
    0.4479706883430481,
    0.4317398965358734,
    0.37895214557647705,
    0.3817696273326874,
    0.37287312746047974,
    0.3555142879486084,
    0.36127352714538574,
    0.35229477286338806,
    0.3610764443874359,
    0.34015437960624695,
    0.385749876499176,
    0.33486220240592957,
    0.3362387716770172,
    0.3309934139251709,
    0.33188843727111816,
    0.3250693380832672,
    0.3246353268623352,
    0.3241998851299286,
    0.32217898964881897,
    0.31448277831077576,
    0.315411776304245,
    0.32232120633125305,
    0.31795263290405273,
    0.3159853518009186,
    0.3431429862976074,
    0.31155839562416077,
    0.30531230568885803,
    0.31502529978752136,
    0.3188311457633972,
    0.30734479427337646,
    0.3048049211502075,
    0.31965070962905884,
    0.2977260649204254,
    0.3022727966308594,
    0.2997037470340729,
    0.2962971329689026,
    0.29670628905296326,
    0.30164650082588196,
    0.290231853723526,
    0.2917305529117584,
    0.29536181688308716,
    0.296017050743103,
    0.2917114198207855,
    0.29154348373413086,
    0.2974284589290619,
    0.28825604915618896,
    0.28910884261131287,
    0.29720649123191833,
    0.2871357500553131,
    0.288186639547348,
    0.2866089344024658,
    0.28645801544189453,
    0.28859373927116394,
    0.2889084815979004,
    0.287716805934906,
    0.2884696125984192,
    0.2865411043167114,
    0.285622239112854,
    0.2830963134765625,
    0.2863132059574127,
    0.28358006477355957,
    0.2835567593574524,
    0.2831593453884125,
    0.284562349319458,
    0.2811632752418518,
    0.281225323677063,
    0.28373226523399353,
    0.28235989809036255,
    0.28189319372177124,
    0.28094905614852905,
    0.282069593667984,
    0.2807592451572418,
    0.2809743583202362,
    0.2812320291996002,
    0.28007280826568604,
    0.28121861815452576,
    0.279805988073349,
    0.28144919872283936,
    0.2808137834072113,
    0.28029850125312805,
    0.28009849786758423,
    0.27988430857658386,
    0.2799752950668335,
    0.2794886529445648,
    0.2796688377857208,
    0.2797444760799408,
    0.27959713339805603,
    0.27949535846710205,
    0.2795189321041107,
    0.27944666147232056,
    0.27942895889282227,
    0.2794533371925354,
    0.279468834400177,
    0.27946797013282776,
    0.279468297958374
  ],
  "val_acc": [
    0.8078333333333333,
    0.8256666666666667,
    0.8446666666666667,
    0.8375,
    0.8371666666666666,
    0.8368333333333333,
    0.8503333333333334,
    0.8673333333333333,
    0.8651666666666666,
    0.8658333333333333,
    0.874,
    0.8713333333333333,
    0.873,
    0.8715,
    0.88,
    0.8626666666666667,
    0.8796666666666667,
    0.8793333333333333,
    0.8805,
    0.8825,
    0.885,
    0.8833333333333333,
    0.8835,
    0.8863333333333333,
    0.8865,
    0.885,
    0.8838333333333334,
    0.8846666666666667,
    0.8873333333333333,
    0.8783333333333333,
    0.8871666666666667,
    0.8915,
    0.8885,
    0.885,
    0.8875,
    0.8905,
    0.8818333333333334,
    0.8956666666666667,
    0.8895,
    0.8935,
    0.8945,
    0.894,
    0.8898333333333334,
    0.8963333333333333,
    0.8973333333333333,
    0.8938333333333334,
    0.8941666666666667,
    0.8988333333333334,
    0.8955,
    0.894,
    0.8988333333333334,
    0.8986666666666666,
    0.893,
    0.8998333333333334,
    0.8983333333333333,
    0.8981666666666667,
    0.8985,
    0.8981666666666667,
    0.8976666666666666,
    0.898,
    0.9001666666666667,
    0.8971666666666667,
    0.9003333333333333,
    0.9001666666666667,
    0.8971666666666667,
    0.8991666666666667,
    0.9001666666666667,
    0.9005,
    0.9011666666666667,
    0.9011666666666667,
    0.899,
    0.8986666666666666,
    0.9005,
    0.9016666666666666,
    0.9001666666666667,
    0.9011666666666667,
    0.9001666666666667,
    0.9005,
    0.9,
    0.9013333333333333,
    0.9018333333333334,
    0.9006666666666666,
    0.8996666666666666,
    0.9005,
    0.9001666666666667,
    0.9011666666666667,
    0.9008333333333334,
    0.9003333333333333,
    0.9025,
    0.9015,
    0.9016666666666666,
    0.9013333333333333,
    0.9013333333333333,
    0.9013333333333333,
    0.9015,
    0.9013333333333333,
    0.9013333333333333,
    0.9013333333333333,
    0.9013333333333333,
    0.9013333333333333
  ],